Date,Ticker,TimeBarStart,FirstTradePrice,HighTradePrice,LowTradePrice,LastTradePrice,VolumeWeightPrice,Volume,TotalTrades
20160128,IBM,06:14,121.99,121.99,121.95,121.95,121.97,64,2
20160128,IBM,06:45,121.00,121.78,121.00,121.78,121.37818,132,5
20160128,IBM,08:38,121.00,121.00,120.88,120.88,120.92,273,4
20160128,IBM,08:48,120.88,120.88,120.88,120.88,120.88,500,4
20160128,IBM,08:51,120.88,120.88,120.88,120.88,120.88,3,1
20160128,IBM,08:55,120.96,120.96,120.96,120.96,120.96,2,1
20160128,IBM,08:59,121.20,121.25,121.20,121.25,121.24975,600,5
20160128,IBM,09:00,121.25,121.25,121.25,121.25,121.25,88,2
20160128,IBM,09:25,121.56,121.60,121.56,121.60,121.57404,285,3
20160128,IBM,09:28,121.50,121.50,120.96,120.96,121.44214,112,2
20160128,IBM,09:29,121.24,121.24,121.24,121.24,121.24,100,1
20160128,IBM,09:30,121.53,122.21,121.18,122.16,121.62322,76664,95
20160128,IBM,09:31,122.09,122.15,121.58,122.06,121.9346,8621,91
20160128,IBM,09:32,121.97,122.12,121.90,122.12,122.00915,3854,43
20160128,IBM,09:33,122.01,122.21,122.00,122.14,122.11797,11202,79
20160128,IBM,09:34,122.20,122.28,122.04,122.17,122.18171,10777,58
20160128,IBM,09:35,122.06,122.11,121.79,121.86,121.95703,5014,49
20160128,IBM,09:36,121.84,122.07,121.82,122.07,121.91093,8528,93
20160128,IBM,09:37,122.06,122.18,121.91,122.17,122.04843,5177,64
20160128,IBM,09:38,122.18,122.27,122.08,122.08,122.19267,6656,70
20160128,IBM,09:39,122.05,122.13,122.00,122.00,122.04989,4231,39
20160128,IBM,09:40,122.03,122.14,121.81,121.83,121.90299,7657,62
20160128,IBM,09:41,121.85,121.88,121.73,121.87,121.82153,9771,117
20160128,IBM,09:42,121.86,121.86,121.69,121.81,121.74615,2604,33
20160128,IBM,09:43,121.87,122.07,121.81,122.07,121.94303,4818,65
20160128,IBM,09:44,122.11,122.30,121.97,122.26,122.16077,4737,52
20160128,IBM,09:45,122.26,122.38,122.16,122.21,122.25599,6134,70
20160128,IBM,09:46,122.22,122.24,122.00,122.00,122.10222,8407,73
20160128,IBM,09:47,122.00,122.00,121.88,121.93,121.93039,8284,97
20160128,IBM,09:48,121.91,121.96,121.85,121.93,121.88902,3701,36
20160128,IBM,09:49,121.89,121.97,121.82,121.97,121.89033,5146,68
20160128,IBM,09:50,121.96,122.16,121.94,122.09,122.071,9037,97
20160128,IBM,09:51,122.09,122.24,122.02,122.02,122.12244,8955,108
20160128,IBM,09:52,122.03,122.20,121.95,122.20,122.06911,5713,76
20160128,IBM,09:53,122.20,122.37,122.18,122.35,122.27069,12733,105
20160128,IBM,09:54,122.34,122.34,122.19,122.19,122.28281,4452,49
20160128,IBM,09:55,122.22,122.46,122.18,122.45,122.32827,13200,103
20160128,IBM,09:56,122.45,122.51,122.32,122.32,122.46887,13626,90
20160128,IBM,09:57,122.32,122.32,122.04,122.05,122.11102,8144,37
20160128,IBM,09:58,122.09,122.27,122.06,122.19,122.10925,5610,64
20160128,IBM,09:59,122.14,122.26,122.10,122.26,122.14364,3987,45
20160128,IBM,10:00,122.17,122.27,122.09,122.09,122.18438,4934,61
20160128,IBM,10:01,122.13,122.14,121.88,121.97,121.97214,7813,64
20160128,IBM,10:02,122.02,122.05,121.84,121.86,121.96132,11212,62
20160128,IBM,10:03,121.88,121.94,121.74,121.74,121.87007,8499,95
20160128,IBM,10:04,121.76,121.81,121.72,121.80,121.78018,7183,80
20160128,IBM,10:05,121.72,121.89,121.69,121.82,121.74881,5207,58
20160128,IBM,10:06,121.82,121.82,121.69,121.71,121.78462,2136,32
20160128,IBM,10:07,121.70,121.93,121.69,121.82,121.8355,8551,77
20160128,IBM,10:08,121.78,121.80,121.73,121.74,121.77002,3672,41
20160128,IBM,10:09,121.78,121.87,121.73,121.85,121.82722,10020,95
20160128,IBM,10:10,121.82,121.90,121.72,121.87,121.80031,11696,118
20160128,IBM,10:11,121.85,121.88,121.70,121.76,121.79933,6543,66
20160128,IBM,10:12,121.75,121.80,121.67,121.70,121.73917,7295,65
20160128,IBM,10:13,121.68,121.81,121.68,121.79,121.74603,8268,77
20160128,IBM,10:14,121.77,121.79,121.62,121.79,121.71199,6532,55
20160128,IBM,10:15,121.75,121.77,121.67,121.67,121.71794,5762,59
20160128,IBM,10:16,121.71,121.74,121.53,121.74,121.64377,4523,41
20160128,IBM,10:17,121.75,121.79,121.73,121.73,121.7561,3401,41
20160128,IBM,10:18,121.75,121.76,121.53,121.56,121.68791,4183,51
20160128,IBM,10:19,121.59,121.64,121.54,121.57,121.6036,6772,69
20160128,IBM,10:20,121.55,121.60,121.51,121.55,121.55678,4639,37
20160128,IBM,10:21,121.55,121.58,121.47,121.55,121.51861,14514,113
20160128,IBM,10:22,121.57,121.71,121.52,121.70,121.64812,11848,105
20160128,IBM,10:23,121.69,121.70,121.61,121.65,121.6428,3159,32
20160128,IBM,10:24,121.62,121.67,121.56,121.67,121.62241,5362,52
20160128,IBM,10:25,121.67,121.71,121.61,121.64,121.65478,4811,62
20160128,IBM,10:26,121.63,121.68,121.38,121.41,121.50461,9237,56
20160128,IBM,10:27,121.41,121.62,121.38,121.52,121.49183,6750,83
20160128,IBM,10:28,121.45,121.52,121.35,121.50,121.44665,4061,29
20160128,IBM,10:29,121.46,121.49,121.40,121.44,121.45287,10542,106
20160128,IBM,10:30,121.46,121.54,121.46,121.49,121.48832,8814,93
20160128,IBM,10:31,121.44,121.49,121.20,121.20,121.33853,2566,29
20160128,IBM,10:32,121.24,121.30,121.16,121.25,121.2167,4296,62
20160128,IBM,10:33,121.22,121.23,121.09,121.13,121.18483,7121,53
20160128,IBM,10:34,121.14,121.22,121.06,121.21,121.14026,4054,54
20160128,IBM,10:35,121.22,121.27,121.12,121.27,121.2084,3927,40
20160128,IBM,10:36,121.23,121.27,121.15,121.24,121.21533,15830,112
20160128,IBM,10:37,121.22,121.38,121.22,121.38,121.26198,7129,51
20160128,IBM,10:38,121.36,121.38,121.23,121.32,121.31136,6767,78
20160128,IBM,10:39,121.27,121.47,121.22,121.47,121.34937,6195,81
20160128,IBM,10:40,121.44,121.56,121.39,121.53,121.4566,13481,91
20160128,IBM,10:41,121.51,121.55,121.43,121.48,121.49516,4765,59
20160128,IBM,10:42,121.47,121.54,121.43,121.46,121.49539,10735,64
20160128,IBM,10:43,121.43,121.49,121.39,121.47,121.4405,4658,39
20160128,IBM,10:44,121.43,121.59,121.43,121.50,121.50934,7183,63
20160128,IBM,10:45,121.54,121.54,121.33,121.43,121.42828,3365,47
20160128,IBM,10:46,121.45,121.54,121.41,121.42,121.46332,5124,77
20160128,IBM,10:47,121.42,121.43,121.33,121.37,121.37531,5280,57
20160128,IBM,10:48,121.36,121.58,121.36,121.57,121.48141,4659,75
20160128,IBM,10:49,121.54,121.61,121.47,121.58,121.52412,3602,49
20160128,IBM,10:50,121.58,121.63,121.51,121.51,121.56955,5221,65
20160128,IBM,10:51,121.50,121.61,121.45,121.50,121.52928,6240,78
20160128,IBM,10:52,121.48,121.51,121.43,121.44,121.46674,4414,48
20160128,IBM,10:53,121.43,121.47,121.41,121.42,121.44123,3424,44
20160128,IBM,10:54,121.44,121.44,121.28,121.31,121.32668,8108,79
20160128,IBM,10:55,121.33,121.41,121.25,121.39,121.31419,6262,61
20160128,IBM,10:56,121.40,121.44,121.33,121.33,121.39317,10730,98
20160128,IBM,10:57,121.38,121.47,121.38,121.40,121.4257,7449,70
20160128,IBM,10:58,121.43,121.59,121.40,121.59,121.48301,5686,83
20160128,IBM,10:59,121.57,121.59,121.38,121.39,121.46385,10365,110
20160128,IBM,11:00,121.42,121.60,121.38,121.52,121.50754,12254,114
20160128,IBM,11:01,121.52,121.59,121.47,121.51,121.52617,11055,93
20160128,IBM,11:02,121.51,121.58,121.44,121.57,121.52332,6813,82
20160128,IBM,11:03,121.57,121.58,121.50,121.51,121.54189,5383,66
20160128,IBM,11:04,121.51,121.56,121.47,121.56,121.50186,5020,64
20160128,IBM,11:05,121.54,121.71,121.53,121.71,121.6396,5833,65
20160128,IBM,11:06,121.71,121.71,121.60,121.69,121.64825,7525,67
20160128,IBM,11:07,121.72,121.72,121.61,121.68,121.67584,10072,95
20160128,IBM,11:08,121.71,121.80,121.67,121.72,121.74029,9888,111
20160128,IBM,11:09,121.76,121.76,121.68,121.71,121.72405,6483,68
20160128,IBM,11:10,121.74,121.75,121.67,121.71,121.71459,7532,95
20160128,IBM,11:11,121.68,121.90,121.68,121.85,121.77157,16207,124
20160128,IBM,11:12,121.83,121.89,121.72,121.74,121.82512,4494,62
20160128,IBM,11:13,121.72,121.84,121.70,121.82,121.77615,6895,76
20160128,IBM,11:14,121.79,121.86,121.72,121.78,121.79837,5995,73
20160128,IBM,11:15,121.79,121.91,121.73,121.77,121.83033,9459,101
20160128,IBM,11:16,121.80,121.83,121.72,121.74,121.75838,2524,35
20160128,IBM,11:17,121.77,121.82,121.73,121.82,121.77793,4369,61
20160128,IBM,11:18,121.84,121.87,121.71,121.78,121.80267,6105,75
20160128,IBM,11:19,121.78,121.82,121.77,121.82,121.80475,3750,46
20160128,IBM,11:20,121.76,121.87,121.76,121.82,121.82993,8098,96
20160128,IBM,11:21,121.81,121.81,121.73,121.77,121.76328,2366,33
20160128,IBM,11:22,121.76,121.77,121.69,121.71,121.7185,4728,65
20160128,IBM,11:23,121.72,121.77,121.69,121.73,121.7228,6776,57
20160128,IBM,11:24,121.75,121.90,121.75,121.83,121.84315,3716,54
20160128,IBM,11:25,121.82,121.85,121.74,121.85,121.79563,7290,72
20160128,IBM,11:26,121.84,121.84,121.67,121.69,121.74176,2671,33
20160128,IBM,11:27,121.65,121.74,121.62,121.72,121.68279,12255,135
20160128,IBM,11:28,121.71,121.71,121.58,121.59,121.63042,4783,58
20160128,IBM,11:29,121.57,121.61,121.53,121.53,121.56178,4369,55
20160128,IBM,11:30,121.51,121.62,121.50,121.54,121.56083,5676,53
20160128,IBM,11:31,121.54,121.65,121.47,121.59,121.56552,10188,135
20160128,IBM,11:32,121.60,121.66,121.57,121.63,121.61781,5915,63
20160128,IBM,11:33,121.62,121.62,121.47,121.54,121.53397,6488,74
20160128,IBM,11:34,121.52,121.56,121.50,121.53,121.5222,5260,57
20160128,IBM,11:35,121.54,121.54,121.42,121.43,121.45646,6755,73
20160128,IBM,11:36,121.43,121.43,121.25,121.33,121.32986,5067,67
20160128,IBM,11:37,121.33,121.34,121.24,121.25,121.28213,4340,51
20160128,IBM,11:38,121.25,121.30,121.21,121.28,121.25231,4718,70
20160128,IBM,11:39,121.24,121.30,121.24,121.27,121.25986,1814,19
20160128,IBM,11:40,121.29,121.33,121.26,121.32,121.2978,5263,60
20160128,IBM,11:41,121.27,121.28,121.19,121.23,121.24003,18088,102
20160128,IBM,11:42,121.23,121.30,121.22,121.24,121.26304,4212,49
20160128,IBM,11:43,121.25,121.26,121.17,121.24,121.2189,6788,71
20160128,IBM,11:44,121.23,121.30,121.17,121.22,121.26748,9210,57
20160128,IBM,11:45,121.24,121.27,121.13,121.17,121.20715,8074,96
20160128,IBM,11:46,121.16,121.18,121.14,121.17,121.15596,2659,34
20160128,IBM,11:47,121.16,121.16,121.06,121.07,121.11648,6155,65
20160128,IBM,11:48,121.10,121.19,121.09,121.15,121.13337,6097,72
20160128,IBM,11:49,121.17,121.18,121.09,121.17,121.13118,5216,56
20160128,IBM,11:50,121.16,121.18,121.10,121.11,121.15689,6927,67
20160128,IBM,11:51,121.11,121.16,121.10,121.12,121.13336,4403,50
20160128,IBM,11:52,121.12,121.25,121.12,121.25,121.2104,6619,58
20160128,IBM,11:53,121.23,121.25,121.15,121.23,121.20007,7668,72
20160128,IBM,11:54,121.22,121.25,121.17,121.20,121.21711,2568,33
20160128,IBM,11:55,121.22,121.22,121.14,121.15,121.16791,3739,50
20160128,IBM,11:56,121.14,121.17,121.06,121.06,121.09363,5505,67
20160128,IBM,11:57,121.04,121.20,121.04,121.20,121.13681,5560,70
20160128,IBM,11:58,121.17,121.18,121.07,121.10,121.12143,3802,43
20160128,IBM,11:59,121.12,121.12,121.00,121.00,121.05414,6071,66
20160128,IBM,12:00,121.00,121.14,121.00,121.09,121.07162,4150,42
20160128,IBM,12:01,121.08,121.11,121.01,121.07,121.0575,4734,67
20160128,IBM,12:02,121.04,121.15,121.01,121.12,121.10425,5668,67
20160128,IBM,12:03,121.16,121.26,121.14,121.26,121.17669,4421,61
20160128,IBM,12:04,121.27,121.32,121.22,121.32,121.27311,6739,82
20160128,IBM,12:05,121.29,121.39,121.22,121.39,121.31654,9665,77
20160128,IBM,12:06,121.43,121.43,121.34,121.34,121.37314,2475,23
20160128,IBM,12:07,121.36,121.43,121.35,121.35,121.39837,4592,45
20160128,IBM,12:08,121.38,121.48,121.38,121.44,121.43879,4846,48
20160128,IBM,12:09,121.44,121.46,121.39,121.43,121.41655,2555,28
20160128,IBM,12:10,121.44,121.46,121.38,121.40,121.4283,3420,40
20160128,IBM,12:11,121.40,121.44,121.38,121.44,121.41039,4680,60
20160128,IBM,12:12,121.42,121.59,121.42,121.54,121.54238,11309,107
20160128,IBM,12:13,121.54,121.60,121.49,121.60,121.52446,3233,55
20160128,IBM,12:14,121.59,121.59,121.51,121.51,121.53783,3291,31
20160128,IBM,12:15,121.51,121.58,121.50,121.51,121.52792,4456,43
20160128,IBM,12:16,121.49,121.59,121.49,121.59,121.53723,4667,40
20160128,IBM,12:17,121.60,121.64,121.51,121.56,121.5737,5350,55
20160128,IBM,12:18,121.56,121.56,121.49,121.55,121.526,3088,41
20160128,IBM,12:19,121.55,121.55,121.44,121.44,121.49435,7531,60
20160128,IBM,12:20,121.44,121.63,121.44,121.58,121.53054,3587,55
20160128,IBM,12:21,121.60,121.66,121.58,121.63,121.60417,13987,64
20160128,IBM,12:22,121.65,121.72,121.63,121.71,121.68151,4994,53
20160128,IBM,12:23,121.70,121.76,121.66,121.72,121.72698,2819,46
20160128,IBM,12:24,121.74,121.83,121.70,121.76,121.76669,7135,52
20160128,IBM,12:25,121.76,121.81,121.75,121.76,121.781,2120,28
20160128,IBM,12:26,121.76,121.80,121.73,121.79,121.77115,3298,47
20160128,IBM,12:27,121.79,121.87,121.78,121.86,121.82767,3106,40
20160128,IBM,12:28,121.86,121.90,121.80,121.80,121.85758,2347,41
20160128,IBM,12:29,121.83,121.94,121.80,121.89,121.87664,4114,42
20160128,IBM,12:30,121.89,121.90,121.78,121.81,121.83397,4630,50
20160128,IBM,12:31,121.83,122.03,121.81,122.03,121.93808,5054,62
20160128,IBM,12:32,121.98,122.07,121.96,122.04,122.00488,10145,137
20160128,IBM,12:33,122.05,122.15,122.03,122.10,122.08407,8776,124
20160128,IBM,12:34,122.10,122.24,122.07,122.22,122.18001,6810,86
20160128,IBM,12:35,122.22,122.47,122.20,122.44,122.34768,17334,207
20160128,IBM,12:36,122.46,122.46,122.32,122.35,122.39961,7792,92
20160128,IBM,12:37,122.37,122.42,122.31,122.34,122.38361,5341,61
20160128,IBM,12:38,122.34,122.41,122.34,122.38,122.37896,6533,62
20160128,IBM,12:39,122.38,122.41,122.33,122.39,122.37269,9673,107
20160128,IBM,12:40,122.39,122.49,122.37,122.49,122.41521,8358,96
20160128,IBM,12:41,122.47,122.52,122.41,122.49,122.47989,15067,119
20160128,IBM,12:42,122.49,122.52,122.46,122.46,122.49812,12170,113
20160128,IBM,12:43,122.44,122.50,122.36,122.38,122.41165,3169,48
20160128,IBM,12:44,122.39,122.44,122.33,122.35,122.38257,4908,73
20160128,IBM,12:45,122.35,122.44,122.33,122.38,122.37673,7261,84
20160128,IBM,12:46,122.38,122.44,122.34,122.36,122.38604,4727,62
20160128,IBM,12:47,122.40,122.46,122.37,122.46,122.40882,7723,57
20160128,IBM,12:48,122.46,122.52,122.43,122.51,122.48706,6262,74
20160128,IBM,12:49,122.51,122.52,122.34,122.34,122.44099,6034,82
20160128,IBM,12:50,122.31,122.44,122.31,122.43,122.34901,11498,127
20160128,IBM,12:51,122.43,122.44,122.30,122.35,122.36231,5848,67
20160128,IBM,12:52,122.37,122.37,122.19,122.28,122.2635,6549,80
20160128,IBM,12:53,122.27,122.31,122.23,122.31,122.26664,4656,62
20160128,IBM,12:54,122.32,122.38,122.23,122.27,122.30146,8270,104
20160128,IBM,12:55,122.29,122.36,122.28,122.33,122.31395,5033,73
20160128,IBM,12:56,122.35,122.35,122.23,122.26,122.28714,4173,58
20160128,IBM,12:57,122.26,122.30,122.18,122.20,122.24621,13327,135
20160128,IBM,12:58,122.23,122.32,122.22,122.26,122.27284,11086,103
20160128,IBM,12:59,122.26,122.38,122.26,122.30,122.32076,5362,79
20160128,IBM,13:00,122.28,122.34,122.22,122.22,122.29871,4405,63
20160128,IBM,13:01,122.23,122.27,122.13,122.13,122.23277,17128,137
20160128,IBM,13:02,122.10,122.22,122.08,122.11,122.15265,5873,63
20160128,IBM,13:03,122.08,122.24,122.06,122.21,122.14923,6450,82
20160128,IBM,13:04,122.17,122.27,122.17,122.22,122.22434,3453,52
20160128,IBM,13:05,122.19,122.25,122.17,122.25,122.20687,5767,62
20160128,IBM,13:06,122.25,122.32,122.23,122.32,122.27269,6401,78
20160128,IBM,13:07,122.31,122.33,122.18,122.23,122.25168,5587,64
20160128,IBM,13:08,122.22,122.27,122.17,122.24,122.23905,4120,47
20160128,IBM,13:09,122.22,122.30,122.22,122.29,122.26978,8041,68
20160128,IBM,13:10,122.29,122.40,122.27,122.40,122.35727,3658,53
20160128,IBM,13:11,122.40,122.49,122.39,122.45,122.4537,5221,59
20160128,IBM,13:12,122.43,122.52,122.41,122.49,122.4806,6528,60
20160128,IBM,13:13,122.49,122.54,122.44,122.52,122.49518,7543,71
20160128,IBM,13:14,122.50,122.54,122.43,122.52,122.49964,10765,117
20160128,IBM,13:15,122.52,122.52,122.40,122.40,122.46794,4340,48
20160128,IBM,13:16,122.38,122.44,122.28,122.28,122.36385,4216,51
20160128,IBM,13:17,122.27,122.34,122.23,122.34,122.28244,6574,66
20160128,IBM,13:18,122.34,122.34,122.16,122.22,122.24548,7969,87
20160128,IBM,13:19,122.19,122.30,122.15,122.15,122.2336,24282,171
20160128,IBM,13:20,122.12,122.25,122.12,122.25,122.18121,16874,149
20160128,IBM,13:21,122.24,122.24,122.09,122.11,122.17739,11398,97
20160128,IBM,13:22,122.10,122.15,122.01,122.01,122.09401,5783,49
20160128,IBM,13:23,121.99,122.01,121.83,121.85,121.90744,7132,73
20160128,IBM,13:24,121.86,121.95,121.81,121.93,121.85454,11579,111
20160128,IBM,13:25,121.91,121.91,121.81,121.86,121.85273,2767,31
20160128,IBM,13:26,121.82,122.00,121.81,121.91,121.90663,6134,73
20160128,IBM,13:27,121.91,121.99,121.87,121.94,121.92679,2629,36
20160128,IBM,13:28,121.96,121.99,121.89,121.89,121.93317,16475,139
20160128,IBM,13:29,121.91,122.04,121.86,122.01,121.93969,12299,122
20160128,IBM,13:30,122.00,122.06,121.96,121.99,121.99539,11287,82
20160128,IBM,13:31,122.01,122.08,122.00,122.06,122.03774,6259,71
20160128,IBM,13:32,122.05,122.21,122.05,122.21,122.12666,8241,119
20160128,IBM,13:33,122.23,122.25,122.17,122.17,122.20624,1981,39
20160128,IBM,13:34,122.16,122.34,122.15,122.24,122.23923,7473,100
20160128,IBM,13:35,122.22,122.29,122.20,122.24,122.24103,7015,88
20160128,IBM,13:36,122.25,122.33,122.23,122.32,122.25958,12829,138
20160128,IBM,13:37,122.33,122.35,122.30,122.31,122.32119,4385,65
20160128,IBM,13:38,122.32,122.32,122.19,122.28,122.25115,7507,88
20160128,IBM,13:39,122.27,122.37,122.27,122.32,122.32003,7483,101
20160128,IBM,13:40,122.34,122.48,122.31,122.31,122.40077,14401,119
20160128,IBM,13:41,122.31,122.35,122.19,122.20,122.29056,7495,89
20160128,IBM,13:42,122.16,122.21,122.08,122.08,122.15746,9816,91
20160128,IBM,13:43,122.08,122.22,122.08,122.22,122.14596,7712,89
20160128,IBM,13:44,122.22,122.33,122.17,122.30,122.24391,9542,109
20160128,IBM,13:45,122.31,122.40,122.26,122.35,122.3417,4561,75
20160128,IBM,13:46,122.35,122.37,122.29,122.31,122.33427,8150,82
20160128,IBM,13:47,122.31,122.36,122.31,122.34,122.33742,12703,136
20160128,IBM,13:48,122.34,122.35,122.26,122.26,122.31618,5486,68
20160128,IBM,13:49,122.27,122.35,122.25,122.32,122.3053,7357,82
20160128,IBM,13:50,122.32,122.32,122.18,122.18,122.24795,4234,49
20160128,IBM,13:51,122.16,122.17,122.03,122.05,122.09203,10576,87
20160128,IBM,13:52,122.04,122.11,122.03,122.06,122.05641,3662,45
20160128,IBM,13:53,122.03,122.06,122.01,122.01,122.04361,3490,44
20160128,IBM,13:54,122.01,122.19,122.01,122.18,122.08208,4536,69
20160128,IBM,13:55,122.17,122.22,122.08,122.21,122.14805,6312,79
20160128,IBM,13:56,122.18,122.24,122.13,122.18,122.17696,14773,158
20160128,IBM,13:57,122.20,122.33,122.20,122.29,122.24251,16738,158
20160128,IBM,13:58,122.31,122.31,122.00,122.06,122.13252,12645,151
20160128,IBM,13:59,122.05,122.05,121.94,121.97,121.99907,15292,136
20160128,IBM,14:00,121.95,122.02,121.92,122.02,121.9848,11614,147
20160128,IBM,14:01,122.02,122.04,121.97,122.02,122.00638,8929,105
20160128,IBM,14:02,122.01,122.13,122.00,122.12,122.08297,9590,113
20160128,IBM,14:03,122.12,122.12,121.98,122.04,122.02768,8652,105
20160128,IBM,14:04,122.03,122.15,122.00,122.11,122.05213,9062,125
20160128,IBM,14:05,122.15,122.18,122.11,122.11,122.13185,7400,91
20160128,IBM,14:06,122.11,122.20,122.11,122.19,122.16741,11188,131
20160128,IBM,14:07,122.16,122.16,122.03,122.06,122.09243,9109,82
20160128,IBM,14:08,122.07,122.13,122.00,122.02,122.06548,12217,147
20160128,IBM,14:09,122.03,122.20,122.01,122.17,122.11173,9069,116
20160128,IBM,14:10,122.18,122.21,122.06,122.09,122.1407,5909,75
20160128,IBM,14:11,122.10,122.15,122.08,122.11,122.11406,4295,57
20160128,IBM,14:12,122.10,122.19,122.10,122.12,122.12736,4906,65
20160128,IBM,14:13,122.14,122.22,122.12,122.21,122.17485,7878,91
20160128,IBM,14:14,122.20,122.27,122.17,122.24,122.2049,4715,57
20160128,IBM,14:15,122.25,122.30,122.25,122.26,122.27637,7812,86
20160128,IBM,14:16,122.28,122.33,122.24,122.32,122.287,7467,94
20160128,IBM,14:17,122.29,122.33,122.27,122.27,122.29787,5020,69
20160128,IBM,14:18,122.27,122.27,122.20,122.20,122.24452,6608,57
20160128,IBM,14:19,122.19,122.21,122.14,122.21,122.17538,7139,88
20160128,IBM,14:20,122.21,122.27,122.19,122.26,122.21973,8091,97
20160128,IBM,14:21,122.25,122.41,122.25,122.41,122.36365,12527,117
20160128,IBM,14:22,122.39,122.42,122.36,122.42,122.38425,7084,91
20160128,IBM,14:23,122.41,122.52,122.39,122.51,122.45175,7739,92
20160128,IBM,14:24,122.52,122.52,122.39,122.45,122.45727,7635,93
20160128,IBM,14:25,122.43,122.47,122.40,122.44,122.44126,3972,46
20160128,IBM,14:26,122.47,122.47,122.38,122.44,122.41957,7474,87
20160128,IBM,14:27,122.43,122.52,122.39,122.43,122.46915,9578,132
20160128,IBM,14:28,122.42,122.55,122.36,122.51,122.46901,10121,98
20160128,IBM,14:29,122.53,122.57,122.47,122.56,122.52044,5964,89
20160128,IBM,14:30,122.56,122.59,122.53,122.59,122.55986,7177,121
20160128,IBM,14:31,122.60,122.60,122.51,122.60,122.56388,8879,128
20160128,IBM,14:32,122.59,122.62,122.51,122.51,122.5835,8325,86
20160128,IBM,14:33,122.55,122.55,122.49,122.55,122.51786,4896,62
20160128,IBM,14:34,122.56,122.56,122.45,122.49,122.4941,4778,59
20160128,IBM,14:35,122.48,122.50,122.43,122.44,122.45614,7339,93
20160128,IBM,14:36,122.46,122.49,122.43,122.45,122.46099,4238,60
20160128,IBM,14:37,122.43,122.48,122.43,122.45,122.45678,10203,115
20160128,IBM,14:38,122.45,122.47,122.42,122.43,122.45083,4652,64
20160128,IBM,14:39,122.44,122.44,122.36,122.40,122.41121,6420,89
20160128,IBM,14:40,122.39,122.44,122.37,122.44,122.41403,4683,64
20160128,IBM,14:41,122.42,122.44,122.35,122.38,122.39553,3084,43
20160128,IBM,14:42,122.38,122.45,122.37,122.45,122.42026,6666,75
20160128,IBM,14:43,122.46,122.47,122.31,122.31,122.40958,5607,71
20160128,IBM,14:44,122.31,122.31,122.24,122.27,122.2736,8069,76
20160128,IBM,14:45,122.29,122.35,122.29,122.31,122.31583,8378,70
20160128,IBM,14:46,122.31,122.37,122.27,122.28,122.31469,8664,97
20160128,IBM,14:47,122.29,122.36,122.27,122.27,122.31333,10010,106
20160128,IBM,14:48,122.27,122.32,122.24,122.28,122.29859,4523,62
20160128,IBM,14:49,122.26,122.26,122.20,122.23,122.22368,5866,57
20160128,IBM,14:50,122.24,122.31,122.23,122.25,122.27228,5508,74
20160128,IBM,14:51,122.24,122.28,122.24,122.25,122.26252,3665,46
20160128,IBM,14:52,122.25,122.37,122.25,122.26,122.30014,10847,134
20160128,IBM,14:53,122.26,122.31,122.20,122.29,122.25005,5064,71
20160128,IBM,14:54,122.29,122.29,122.17,122.27,122.22419,10815,125
20160128,IBM,14:55,122.27,122.29,122.23,122.25,122.25485,5169,69
20160128,IBM,14:56,122.27,122.34,122.25,122.27,122.29803,7042,86
20160128,IBM,14:57,122.26,122.33,122.26,122.29,122.29408,6528,80
20160128,IBM,14:58,122.29,122.33,122.23,122.26,122.28264,8130,90
20160128,IBM,14:59,122.26,122.27,122.17,122.21,122.22009,7535,93
20160128,IBM,15:00,122.21,122.34,122.14,122.26,122.24244,10980,144
20160128,IBM,15:01,122.29,122.34,122.28,122.33,122.30941,9545,82
20160128,IBM,15:02,122.31,122.31,122.13,122.16,122.22332,7882,114
20160128,IBM,15:03,122.16,122.22,122.12,122.22,122.16009,6592,85
20160128,IBM,15:04,122.23,122.27,122.17,122.19,122.21731,9455,126
20160128,IBM,15:05,122.21,122.40,122.19,122.39,122.29792,8251,108
20160128,IBM,15:06,122.39,122.40,122.16,122.19,122.28886,11438,155
20160128,IBM,15:07,122.21,122.29,122.18,122.20,122.23628,6255,76
20160128,IBM,15:08,122.22,122.29,122.17,122.28,122.23065,7498,90
20160128,IBM,15:09,122.28,122.41,122.23,122.40,122.31097,11170,146
20160128,IBM,15:10,122.41,122.63,122.41,122.58,122.53397,15247,170
20160128,IBM,15:11,122.58,122.75,122.52,122.75,122.61787,8765,111
20160128,IBM,15:12,122.74,122.82,122.63,122.78,122.71605,19999,235
20160128,IBM,15:13,122.83,122.83,122.70,122.71,122.7219,16582,137
20160128,IBM,15:14,122.73,122.75,122.69,122.69,122.71776,7558,82
20160128,IBM,15:15,122.71,122.79,122.70,122.76,122.73827,19298,194
20160128,IBM,15:16,122.76,122.78,122.73,122.76,122.75669,13621,157
20160128,IBM,15:17,122.76,122.79,122.65,122.65,122.73763,10070,114
20160128,IBM,15:18,122.69,122.71,122.60,122.70,122.66847,10991,144
20160128,IBM,15:19,122.67,122.70,122.57,122.59,122.60623,9526,101
20160128,IBM,15:20,122.58,122.62,122.45,122.45,122.56698,10938,133
20160128,IBM,15:21,122.48,122.57,122.46,122.54,122.51741,8794,94
20160128,IBM,15:22,122.54,122.61,122.48,122.54,122.53814,10776,137
20160128,IBM,15:23,122.55,122.58,122.46,122.52,122.49924,10197,106
20160128,IBM,15:24,122.53,122.59,122.49,122.50,122.52688,11785,132
20160128,IBM,15:25,122.50,122.53,122.46,122.49,122.48812,8114,96
20160128,IBM,15:26,122.48,122.48,122.40,122.43,122.43703,8688,82
20160128,IBM,15:27,122.43,122.47,122.33,122.33,122.43174,17752,113
20160128,IBM,15:28,122.34,122.35,122.29,122.33,122.32,12014,138
20160128,IBM,15:29,122.32,122.39,122.31,122.36,122.35044,10084,118
20160128,IBM,15:30,122.36,122.44,122.29,122.43,122.34771,10583,133
20160128,IBM,15:31,122.44,122.45,122.38,122.43,122.4235,8133,111
20160128,IBM,15:32,122.44,122.48,122.39,122.42,122.42285,12676,140
20160128,IBM,15:33,122.44,122.49,122.42,122.46,122.44615,5842,88
20160128,IBM,15:34,122.43,122.44,122.37,122.41,122.4019,12874,154
20160128,IBM,15:35,122.42,122.56,122.42,122.50,122.48972,9960,127
20160128,IBM,15:36,122.51,122.60,122.49,122.52,122.53944,13199,162
20160128,IBM,15:37,122.54,122.72,122.53,122.72,122.6139,7871,95
20160128,IBM,15:38,122.71,122.75,122.64,122.67,122.69722,12448,135
20160128,IBM,15:39,122.67,122.67,122.54,122.55,122.62244,8450,105
20160128,IBM,15:40,122.55,122.62,122.54,122.62,122.59233,13231,142
20160128,IBM,15:41,122.62,122.62,122.46,122.46,122.57208,9045,113
20160128,IBM,15:42,122.46,122.57,122.46,122.49,122.50943,12837,147
20160128,IBM,15:43,122.49,122.51,122.44,122.50,122.48286,12704,152
20160128,IBM,15:44,122.49,122.49,122.27,122.28,122.34061,10451,130
20160128,IBM,15:45,122.25,122.37,122.23,122.37,122.30433,14800,144
20160128,IBM,15:46,122.36,122.36,122.27,122.32,122.31615,10824,118
20160128,IBM,15:47,122.31,122.35,122.29,122.35,122.31536,12444,137
20160128,IBM,15:48,122.32,122.49,122.32,122.39,122.41879,10132,124
20160128,IBM,15:49,122.37,122.44,122.36,122.39,122.3915,17172,163
20160128,IBM,15:50,122.38,122.39,122.32,122.33,122.34386,17904,196
20160128,IBM,15:51,122.33,122.40,122.32,122.37,122.36185,16516,180
20160128,IBM,15:52,122.38,122.39,122.31,122.31,122.35808,16841,186
20160128,IBM,15:53,122.31,122.32,122.27,122.29,122.29658,19558,198
20160128,IBM,15:54,122.29,122.30,122.22,122.26,122.25367,22134,221
20160128,IBM,15:55,122.26,122.35,122.24,122.31,122.2921,31324,329
20160128,IBM,15:56,122.31,122.37,122.26,122.30,122.31916,23235,253
20160128,IBM,15:57,122.30,122.36,122.27,122.32,122.32084,20846,192
20160128,IBM,15:58,122.34,122.38,122.30,122.30,122.34521,38760,307
20160128,IBM,15:59,122.31,122.35,122.19,122.21,122.26907,80450,511
20160128,IBM,16:02,122.22,122.22,122.22,122.22,122.22,341902,7
20160128,IBM,16:05,122.00,122.00,122.00,122.00,122.00,100,1
20160128,IBM,16:06,122.00,122.00,122.00,122.00,122.00,12,1
20160128,IBM,16:10,122.20,122.20,122.20,122.20,122.20,82,1
20160128,IBM,16:11,122.00,122.00,122.00,122.00,122.00,100,1
20160128,IBM,16:13,122.22,122.22,122.22,122.22,122.22,162,2
20160128,IBM,16:20,122.22,122.22,122.22,122.22,122.22,13921,1
20160128,IBM,16:21,122.14,122.14,122.14,122.14,122.14,788,2
20160128,IBM,16:43,122.22,122.22,122.22,122.22,122.22,3,1
20160128,IBM,17:03,122.20,122.20,122.20,122.20,122.20,50,1
20160128,IBM,18:19,122.00,122.00,122.00,122.00,122.00,10,1
